1|10224213|C1W027ABE|Abe|"""Abe "| C1W027ABE |" Klocki hamulcowe, zestaw, szt"""|https://www.czesciauto24.pl/abe/3327591|115,15
2|18993906|6112393|Alkar|"""Alkar "| 6112393 |" Lusterko zewnętrzne wsteczne, szt"""|https://www.czesciauto24.pl/alkar/2954218|154,27
3|1126374|10-ECO037|Ashika|"""Ashika "| 10-ECO037 |" Filtr oleju, szt"""|product is out of stock|0
4|12254305|20-07-715|Ashika|"""Ashika "| 20-07-715 |" Filtr powietrza, szt"""|https://www.czesciauto24.pl/ashika/8244496|29,24
5|12835362|GOM-608|Ashika|"""Ashika "| GOM-608 |" Tuleja stabilizatora  przedniego, szt"""|https://www.czesciauto24.pl/ashika/8150781|16,82
6|63479837|GOM-K135|Ashika|"""Ashika "| GOM-K135 |" Łożysko, szt"""|https://www.czesciauto24.pl/ashika/12901867|129,64
7|22493045|13.0460-5819.2|Ate|"""Ate "| 13.0460-5819.2 |" Klocki hamulcowe, zestaw, szt"""|https://www.czesciauto24.pl/ate/955970|109,97
8|14190147|D4196|Autofren|"""Autofren "| D4196 |" Zestaw naprawczy suportu hamulcowego, szt"""|https://www.czesciauto24.pl/autofren-seinsa/7645387|22,96
9|14229419|D4612|Autofren|"""Autofren "| D4612 |" Zestaw naprawczy suportu hamulcowego, szt"""|https://www.czesciauto24.pl/autofren-seinsa/10982984|45,94
10|10647148|6502-07-6814911P|Blic|"""Blic "| 6502-07-6814911P |" Kratka przedniego zderzaka, szt"""|https://www.czesciauto24.pl/blic/7609646|23,79
11|10816989|6102-02-1292513P|Blic|"""Blic "| 6102-02-1292513P |" Szyba lusterka zewnętrznego, szt"""|https://www.czesciauto24.pl/blic/7609339|36,07
12|268717|6103-01-1311226P|Blic|"""Blic "| 6103-01-1311226P |" Osłona lusterka bocznego, szt"""|https://www.czesciauto24.pl/blic/7609355|36,21
13|8978213|258-038|Bosal|"""Bosal "| 258-038 |" Nakrętka mocująca części układu wydechowego, szt"""|https://www.czesciauto24.pl/bosal/1337005|1,44
14|8979046|258-830|Bosal|"""Bosal "| 258-830 |" Śruba, szt"""|https://www.czesciauto24.pl/bosal/1337089|1,57
15|10705482|0 242 240 506|Bosch|"""Bosch "| 0 242 240 506 |" Świeca zapłonowa Bosch Standard Super WSR6F, szt"""|https://www.czesciauto24.pl/bosch/7428593|12,06
16|10752186|1 987 301 406|Bosch|"""Bosch "| 1 987 301 406 |" Żarówka halogenowa Bosch Pure Light H7 12V 55W (2 szt.), szt"""|https://www.czesciauto24.pl/bosch/7982174|32,00
17|10768542|0 241 135 515|Bosch|"""Bosch "| 0 241 135 515 |" Świeca zapłonowa Bosch Standard Super Y7LER02, szt"""|https://www.czesciauto24.pl/bosch/7282735|48,36
18|11105665|0 986 494 538|Bosch|"""Bosch "| 0 986 494 538 |" Klocki hamulcowe tarczowe, komplet, szt"""|https://www.czesciauto24.pl/bosch/7625061|167,45
19|11524113|F 026 407 095|Bosch|"""Bosch "| F 026 407 095 |" Filtr oleju, szt"""|https://www.czesciauto24.pl/bosch/7005540|54,01
20|1293483|0 986 479 088|Bosch|"""Bosch "| 0 986 479 088 |" Tarcza  hamulcowa, szt"""|https://www.czesciauto24.pl/bosch/1165939|111,35
21|1353772|1 457 429 248|Bosch|"""Bosch "| 1 457 429 248 |" Filtr oleju, szt"""|https://www.czesciauto24.pl/bosch/1186459|25,72
22|1353813|1 457 429 252|Bosch|"""Bosch "| 1 457 429 252 |" Filtr oleju, szt"""|product is out of stock|0
23|1353822|1 457 429 256|Bosch|"""Bosch "| 1 457 429 256 |" Filtr oleju, szt"""|https://www.czesciauto24.pl/bosch/1186463|30,62
24|1353994|1 457 429 278|Bosch|"""Bosch "| 1 457 429 278 |" Filtr oleju, szt"""|https://www.czesciauto24.pl/bosch/1186482|28,69
25|1354094|1 457 429 619|Bosch|"""Bosch "| 1 457 429 619 |" Filtr oleju, szt"""|product is out of stock|0
26|184870|2 430 102 398|Bosch|"""Bosch "| 2 430 102 398 |" Podkładka(pierścień uszczelniający), szt"""|https://www.czesciauto24.pl/bosch/733378|7,92
27|1923829|0 986 452 028|Bosch|"""Bosch "| 0 986 452 028 |" Filtr oleju, szt"""|https://www.czesciauto24.pl/bosch/1163412|16,06
28|1923879|0 986 452 041|Bosch|"""Bosch "| 0 986 452 041 |" Filtr oleju, szt"""|https://www.czesciauto24.pl/bosch/1163417|19,58
29|1923905|0 986 452 044|Bosch|"""Bosch "| 0 986 452 044 |" Filtr oleju, szt"""|https://www.czesciauto24.pl/bosch/1163419|23,45
30|1984086|0 450 906 508|Bosch|"""Bosch "| 0 450 906 508 |" Filtr paliwa, szt"""|https://www.czesciauto24.pl/bosch/695574|82,37
31|1984413|0 451 103 111|Bosch|"""Bosch "| 0 451 103 111 |" Filtr oleju, szt"""|https://www.czesciauto24.pl/bosch/1155975|19,03
32|1984707|0 451 103 252|Bosch|"""Bosch "| 0 451 103 252 |" Filtr oleju, szt"""|product is out of stock|0
33|1984798|0 451 103 300|Bosch|"""Bosch "| 0 451 103 300 |" Filtr oleju, szt"""|https://www.czesciauto24.pl/bosch/1156062|17,72
34|1984877|0 451 103 313|Bosch|"""Bosch "| 0 451 103 313 |" Filtr oleju, szt"""|https://www.czesciauto24.pl/bosch/1156069|41,59
35|2019662|0 451 103 370|Bosch|"Bosch | 0 451 103 370 | Filtr oleju, szt"|||||
36|23619972|0 986 494 005|Bosch|"Bosch | 0 986 494 005 | Klocki hamulcowe tarczowe, komplet, szt"|||||
37|23620029|0 986 494 011|Bosch|"Bosch | 0 986 494 011 | Klocki hamulcowe tarczowe, komplet, szt"|||||
38|23620073|0 986 494 015|Bosch|"Bosch | 0 986 494 015 | Klocki hamulcowe tarczowe, komplet, szt"|||||
39|23620155|0 986 494 023|Bosch|"Bosch | 0 986 494 023 | Klocki hamulcowe tarczowe, komplet, szt"|||||
40|23620212|0 986 494 030|Bosch|"Bosch | 0 986 494 030 | Klocki hamulcowe tarczowe, komplet, szt"|||||
41|23620277|0 986 494 036|Bosch|"""Bosch "| 0 986 494 036 |" Klocki hamulcowe tarczowe, komplet, szt"""|https://www.czesciauto24.pl/bosch/1167684|201,95
42|23620308|0 986 494 039|Bosch|"""Bosch "| 0 986 494 039 |" Klocki hamulcowe tarczowe, komplet, szt"""|https://www.czesciauto24.pl/bosch/1167686|98,24
43|23620343|0 986 494 043|Bosch|"""Bosch "| 0 986 494 043 |" Klocki hamulcowe tarczowe, komplet, szt"""|https://www.czesciauto24.pl/bosch/1167690|111,97
44|23620363|0 986 494 046|Bosch|"""Bosch "| 0 986 494 046 |" Klocki hamulcowe tarczowe, komplet, szt"""|https://www.czesciauto24.pl/bosch/1167692|105,83
45|23620719|0 986 494 090|Bosch|"""Bosch "| 0 986 494 090 |" Klocki hamulcowe tarczowe, komplet, szt"""|https://www.czesciauto24.pl/bosch/1167727|94,31
46|23620839|0 986 494 104|Bosch|"""Bosch "| 0 986 494 104 |" Klocki hamulcowe tarczowe, komplet, szt"""|https://www.czesciauto24.pl/bosch/1167738|181,87
47|23620921|0 986 494 115|Bosch|"""Bosch "| 0 986 494 115 |" Klocki hamulcowe tarczowe, komplet, szt"""|https://www.czesciauto24.pl/bosch/1167747|91,27
48|23641001|0 986 494 187|Bosch|"""Bosch "| 0 986 494 187 |" Klocki hamulcowe tarczowe, komplet, szt"""|https://www.czesciauto24.pl/bosch/1167807|160,76
49|23643766|0 986 494 422|Bosch|"""Bosch "| 0 986 494 422 |" Klocki hamulcowe tarczowe, komplet, szt"""|https://www.czesciauto24.pl/bosch/7009165|129,91
50|23667316|0 986 494 432|Bosch|"""Bosch "| 0 986 494 432 |" Klocki hamulcowe tarczowe, komplet, szt"""|https://www.czesciauto24.pl/bosch/7010305|159,51
51|23668292|0 986 494 528|Bosch|"""Bosch "| 0 986 494 528 |" Klocki hamulcowe tarczowe, komplet, szt"""|https://www.czesciauto24.pl/bosch/7428640|68,99
52|23942199|1 457 429 118|Bosch|"""Bosch "| 1 457 429 118 |" Filtr oleju, szt"""|https://www.czesciauto24.pl/bosch/1186395|36,90
53|23942335|1 457 429 185|Bosch|"""Bosch "| 1 457 429 185 |" Filtr oleju, szt"""|https://www.czesciauto24.pl/bosch/1186439|32,35
54|23942362|1 457 429 193|Bosch|"""Bosch "| 1 457 429 193 |" Filtr oleju, szt"""|no such item|0
55|23942368|1 457 429 194|Bosch|"""Bosch "| 1 457 429 194 |" Filtr oleju, szt"""|https://www.czesciauto24.pl/bosch/1186443|22,34
56|23942398|1 457 429 199|Bosch|"""Bosch "| 1 457 429 199 |" Filtr oleju, szt"""|https://www.czesciauto24.pl/bosch/1186447|27,59
57|23964364|1 457 429 239|Bosch|"""Bosch "| 1 457 429 239 |" Filtr oleju, szt"""|https://www.czesciauto24.pl/bosch/1186455|32,97
58|23991559|1 987 302 236|Bosch|"""Bosch "| 1 987 302 236 |" Żarowe BAX 12V 2W, szt"""|product is out of stock|0
59|23991622|1 987 302 243|Bosch|"""Bosch "| 1 987 302 243 |" Żarowe BAX 12V 1,12W, szt"""|https://www.czesciauto24.pl/bosch/1187666|6,27
60|23995118|1 457 437 003|Bosch|"""Bosch "| 1 457 437 003 |" Filtr oleju, szt"""|product is out of stock|0
61|24071214|3 397 004 558|Bosch|"""Bosch "| 3 397 004 558 |" Rama pióra wycieraczki tył bosch tył 380 mm (15""""), szt"""|https://www.czesciauto24.pl/bosch/730928|37,59
62|24071454|3 397 004 595|Bosch|"""Bosch "| 3 397 004 595 |" Rama pióra wycieraczki tył bosch tył 280 mm (11""""), szt"""|product is out of stock|0
63|24071717|3 397 004 672|Bosch|"""Bosch "| 3 397 004 672 |" Rama piór wycieraczek bosch eco 550 mm (22""""), szt"""|https://www.czesciauto24.pl/bosch/1193595|32,83
64|24071730|3 397 004 673|Bosch|"""Bosch "| 3 397 004 673 |" Rama piór wycieraczek bosch eco 600 mm (24""""), szt"""|https://www.czesciauto24.pl/bosch/1193596|36,83
65|24093178|3 397 004 990|Bosch|"""Bosch "| 3 397 004 990 |" Rama pióra wycieraczki tył bosch tył 310 mm (12""""), szt"""|https://www.czesciauto24.pl/bosch/748362|27,24
66|24094712|3 397 006 946|Bosch|"""Bosch "| 3 397 006 946 |" Pióro wycieraczki bezramowe bosch aerotwin plus 480 mm (19""""), szt"""|https://www.czesciauto24.pl/bosch/7627375|49,32
67|24095007|3 397 007 072|Bosch|"""Bosch "| 3 397 007 072 |" Zestaw bezramowych wycieraczek Bosch Aerotwin 600/475, szt"""|https://www.czesciauto24.pl/bosch/1193735|101,83
68|24095203|3 397 007 120|Bosch|"""Bosch "| 3 397 007 120 |" Zestaw bezramowych wycieraczek Bosch Aerotwin 750/650, szt"""|https://www.czesciauto24.pl/bosch/1193755|105,83
69|24095285|3 397 007 215|Bosch|"""Bosch "| 3 397 007 215 |" Zestaw bezramowych wycieraczek Bosch Aerotwin 650/600, szt"""|https://www.czesciauto24.pl/bosch/1193767|98,45
70|24095466|3 397 007 297|Bosch|"""Bosch "| 3 397 007 297 |" Zestaw bezramowych wycieraczek Bosch Aerotwin 600/500, szt"""|https://www.czesciauto24.pl/bosch/1193784|94,72
71|24121437|3 397 007 462|Bosch|"""Bosch "| 3 397 007 462 |" Zestaw szczotek do wycieraczek Bosch Aerotwin Multi-Clip 600/475, szt"""|https://www.czesciauto24.pl/bosch/1193816|81,68
72|24121451|3 397 007 467|Bosch|"""Bosch "| 3 397 007 467 |" Zestaw szczotek do wycieraczek Bosch Aerotwin Multi-Clip 650/475, szt"""|https://www.czesciauto24.pl/bosch/1193818|97,21
73|24121688|3 397 007 586|Bosch|"""Bosch "| 3 397 007 586 |" Zestaw bezramowych wycieraczek Bosch Aerotwin 680/515, szt"""|https://www.czesciauto24.pl/bosch/1193846|105,49
74|24121797|3 397 007 696|Bosch|"""Bosch "| 3 397 007 696 |" Zestaw bezramowych wycieraczek Bosch Aerotwin 550/450, szt"""|https://www.czesciauto24.pl/bosch/7015328|93,00
75|24121975|3 397 008 004|Bosch|"""Bosch "| 3 397 008 004 |" Pióro wycieraczki bezramowe tylne bosch aerotwin rear 330 mm (13""""), szt"""|https://www.czesciauto24.pl/bosch/750673|42,70
76|24121989|3 397 008 006|Bosch|"""Bosch "| 3 397 008 006 |" Pióro wycieraczki bezramowe tylne bosch aerotwin rear 330 mm (13""""), szt"""|https://www.czesciauto24.pl/bosch/1193859|33,18
77|24122582|3 397 008 536|Bosch|"""Bosch "| 3 397 008 536 |" Bezramowe pióro wycieraczki bosch aerotwin 530 mm (21""""), szt"""|product is out of stock|0
78|24122588|3 397 008 537|Bosch|"""Bosch "| 3 397 008 537 |" Bezramowe pióro wycieraczki bosch aerotwin 550 mm (22""""), szt"""|https://www.czesciauto24.pl/bosch/1193928|49,80
79|24123305|3 397 008 939|Bosch|"""Bosch "| 3 397 008 939 |" Bezramowe pióro wycieraczki bosch aerotwin 650 mm (26""""), szt"""|https://www.czesciauto24.pl/bosch/7429688|52,84
80|24123386|3 397 009 051|Bosch|"""Bosch "| 3 397 009 051 |" Zestaw bezramowych wycieraczek Bosch Aerotwin 530/530, szt"""|https://www.czesciauto24.pl/bosch/1194009|80,37
81|24142993|3 397 010 249|Bosch|"""Bosch "| 3 397 010 249 |" Zestaw piór wycieraczek 500/450, szt"""|https://www.czesciauto24.pl/bosch/7312571|28,97
82|24144037|3 397 011 402|Bosch|"""Bosch "| 3 397 011 402 |" Rama piór wycieraczek bosch eco 650 mm (26""""), szt"""|https://www.czesciauto24.pl/bosch/1194140|23,72
83|24144535|3 397 011 668|Bosch|"""Bosch "| 3 397 011 668 |" Rama pióra wycieraczki tył bosch tył 350 mm (14""""), szt"""|product is out of stock|0
84|24159367|3 397 013 049|Bosch|"""Bosch "| 3 397 013 049 |" Pióro wycieraczki bezramowe tylne bosch aerotwin 330 mm (13""""), szt"""|https://www.czesciauto24.pl/bosch/7616371|30,21
85|24160994|3 397 118 908|Bosch|"""Bosch "| 3 397 118 908 |" Zestaw bezramowych wycieraczek Bosch Aerotwin 600/450, szt"""|https://www.czesciauto24.pl/bosch/1194311|91,89
86|24161159|3 397 118 936|Bosch|"""Bosch "| 3 397 118 936 |" Zestaw bezramowych wycieraczek Bosch Aerotwin 600/475, szt"""|https://www.czesciauto24.pl/bosch/1194330|87,55
87|24161175|3 397 118 938|Bosch|"""Bosch "| 3 397 118 938 |" Zestaw bezramowych wycieraczek Bosch Aerotwin 600/600, szt"""|https://www.czesciauto24.pl/bosch/1194332|93,27
88|24161244|3 397 118 951|Bosch|"""Bosch "| 3 397 118 951 |" Zestaw bezramowych wycieraczek Bosch Aerotwin 650/475, szt"""|https://www.czesciauto24.pl/bosch/1194340|100,45
89|24161361|3 397 118 966|Bosch|"""Bosch "| 3 397 118 966 |" Zestaw bezramowych wycieraczek Bosch Aerotwin 600/530, szt"""|https://www.czesciauto24.pl/bosch/1194350|95,90
90|24161457|3 397 118 984|Bosch|"""Bosch "| 3 397 118 984 |" Zestaw bezramowych wycieraczek Bosch Aerotwin 550/400, szt"""|https://www.czesciauto24.pl/bosch/1194363|83,48
91|254336|F 026 407 024|Bosch|"""Bosch "| F 026 407 024 |" Filtr oleju, szt"""|https://www.czesciauto24.pl/bosch/755400|33,31
92|27001100|0 092 S40 020|Bosch|"""Bosch "| 0 092 S40 020 |" Akumulator Bosch S4 002 12V 52AH 470A(EN) R+, szt"""|https://www.czesciauto24.pl/bosch/1145159|370,59
93|27001707|0 092 T30 770|Bosch|"""Bosch "| 0 092 T30 770 |" Akumulator Bosch T3 077 12V 155AH 900A(EN) L+, szt"""|product is out of stock|0
94|27029357|0 986 424 457|Bosch|"""Bosch "| 0 986 424 457 |" Klocki hamulcowe tarczowe, komplet, szt"""|https://www.czesciauto24.pl/bosch/1161738|123,43
95|27029487|0 986 424 484|Bosch|"""Bosch "| 0 986 424 484 |" Klocki hamulcowe tarczowe, komplet, szt"""|https://www.czesciauto24.pl/bosch/1161762|103,35
96|27051336|0 986 424 767|Bosch|"""Bosch "| 0 986 424 767 |" Klocki hamulcowe tarczowe, komplet, szt"""|https://www.czesciauto24.pl/bosch/1161968|138,19
97|27051487|0 986 424 797|Bosch|"""Bosch "| 0 986 424 797 |" Klocki hamulcowe tarczowe, komplet, szt"""|https://www.czesciauto24.pl/bosch/1161995|119,36
98|27051490|0 986 424 798|Bosch|"""Bosch "| 0 986 424 798 |" Klocki hamulcowe tarczowe, komplet, szt"""|https://www.czesciauto24.pl/bosch/1161996|111,63
99|27051580|0 986 424 817|Bosch|"""Bosch "| 0 986 424 817 |" Klocki hamulcowe tarczowe, komplet, szt"""|https://www.czesciauto24.pl/bosch/1162012|86,37
100|27080275|0 242 232 514|Bosch|"""Bosch "| 0 242 232 514 |" Świeca zapłonowa Bosch Super 4 HR78NX, szt"""|https://www.czesciauto24.pl/bosch/1148133|36,14
101|27088316|0 451 103 259|Bosch|"""Bosch "| 0 451 103 259 |" Filtr oleju, szt"""|product is out of stock|0
102|27088327|0 451 103 261|Bosch|"""Bosch "| 0 451 103 261 |" Filtr oleju, szt"""|https://www.czesciauto24.pl/bosch/1156036|21,03
103|27088401|0 451 103 290|Bosch|"""Bosch "| 0 451 103 290 |" Filtr oleju, szt"""|https://www.czesciauto24.pl/bosch/1156055|36,90
104|27088630|0 451 203 012|Bosch|"""Bosch "| 0 451 203 012 |" Filtr oleju, szt"""|https://www.czesciauto24.pl/bosch/1156162|25,10
105|27088642|0 451 203 087|Bosch|"""Bosch "| 0 451 203 087 |" Filtr oleju, szt"""|https://www.czesciauto24.pl/bosch/1156165|35,73
106|27093140|0 250 202 142|Bosch|"""Bosch "| 0 250 202 142 |" Świeca żarowa, szt"""|https://www.czesciauto24.pl/bosch/672199|46,42
107|27096591|0 986 460 968|Bosch|"""Bosch "| 0 986 460 968 |" Klocki hamulcowe tarczowe, komplet, szt"""|https://www.czesciauto24.pl/bosch/1163492|66,02
108|27096739|0 986 461 119|Bosch|"""Bosch "| 0 986 461 119 |" Klocki hamulcowe tarczowe, komplet, szt"""|https://www.czesciauto24.pl/bosch/1163527|63,67
109|27112825|0 986 424 379|Bosch|"""Bosch "| 0 986 424 379 |" Klocki hamulcowe tarczowe, komplet, szt"""|https://www.czesciauto24.pl/bosch/1161708|59,40
110|27343220|0 986 494 595|Bosch|"""Bosch "| 0 986 494 595 |" Klocki hamulcowe tarczowe, komplet, szt"""|product is out of stock|0
111|27343575|0 986 494 643|Bosch|"""Bosch "| 0 986 494 643 |" Klocki hamulcowe tarczowe, komplet, szt"""|https://www.czesciauto24.pl/bosch/7884175|114,04
112|27348121|0 986 494 607|Bosch|"""Bosch "| 0 986 494 607 |" Klocki hamulcowe tarczowe, komplet, szt"""|https://www.czesciauto24.pl/bosch/7886191|110,66
113|27351185|0 986 494 597|Bosch|"""Bosch "| 0 986 494 597 |" Klocki hamulcowe tarczowe, komplet, szt"""|https://www.czesciauto24.pl/bosch/7883906|74,16
114|27356018|0 986 494 668|Bosch|"""Bosch "| 0 986 494 668 |" Klocki hamulcowe tarczowe, komplet, szt"""|https://www.czesciauto24.pl/bosch/7882712|130,12
115|27361390|0 986 494 600|Bosch|"""Bosch "| 0 986 494 600 |" Klocki hamulcowe tarczowe, komplet, szt"""|product is out of stock|0
116|27362292|0 986 494 660|Bosch|"""Bosch "| 0 986 494 660 |" Klocki hamulcowe tarczowe, komplet, szt"""|https://www.czesciauto24.pl/bosch/7886432|149,23
117|6510929|F 026 407 002|Bosch|"""Bosch "| F 026 407 002 |" Filtr oleju, szt"""|no such item|0
118|6511156|F 026 407 072|Bosch|"""Bosch "| F 026 407 072 |" Filtr oleju, szt"""|product is out of stock|0
119|6511320|F 026 407 092|Bosch|"""Bosch "| F 026 407 092 |" Filtr oleju, szt"""|product is out of stock|0
120|7237335|F 006 B20 099|Bosch|"""Bosch "| F 006 B20 099 |" Silnik elektryczny, szt"""|https://www.czesciauto24.pl/bosch/766312|263,01
121|9630714|1 457 437 002|Bosch|"""Bosch "| 1 457 437 002 |" Filtr oleju, szt"""|https://www.czesciauto24.pl/bosch/7003864|27,17
122|61603690|1574|BOSMA|"""BOSMA "| 1574 |" Żarówka P21/5W 12V 21/5W, szt"""|no such item|0
161|6228248|14.875.206|CS Germany|"""CS Germany "| 14.875.206 |" Sprężyna zawieszenia przód, szt"""|https://www.czesciauto24.pl/cs-germany/8981361|120,46
162|6228391|14.875.220|CS Germany|"""CS Germany "| 14.875.220 |" Sprężyna zawieszenia przód, szt"""|product is out of stock|0
123|61603703|1949|BOSMA|"""BOSMA "| 1949 |" Żarówka W5W 12V 5W, szt"""|no such item|0
124|27835996|24922 00 704 00|Breck|"""Breck "| 24922 00 704 00 |" Klocki hamulcowe, zestaw, szt"""|https://www.czesciauto24.pl/breck/9367011|124,81
163|6229140|14.877.008|CS Germany|"""CS Germany "| 14.877.008 |" Sprężyna zawieszenia przód, szt"""|https://www.czesciauto24.pl/cs-germany/8981678|139,23
164|6230418|14.950.673|CS Germany|"""CS Germany "| 14.950.673 |" Sprężyna zawieszenia tylna, szt"""|https://www.czesciauto24.pl/cs-germany/8982014|152,75
201|16802695|26274|Febi|"""Febi "| 26274 |" Pompa spryskiwacza reflektorów, szt"""|https://www.czesciauto24.pl/febi-bilstein/1882882|81,54
202|17034196|21718|Febi|"""Febi "| 21718 |" Pasek rozrządu, szt"""|product is out of stock|0
165|6230461|14.950.678|CS Germany|"""CS Germany "| 14.950.678 |" Sprężyna zawieszenia przód, szt"""|https://www.czesciauto24.pl/cs-germany/8982019|84,86
125|27954672|24660 00 701 00|Breck|"""Breck "| 24660 00 701 00 |" Klocki hamulcowe, zestaw, szt"""|product is out of stock|0
203|17073015|24366|Febi|"""Febi "| 24366 |" Łożysko przedniej piasty koła, komplet, szt"""|https://www.czesciauto24.pl/febi-bilstein/7107682|65,74
204|18139760|13447|Febi|"""Febi "| 13447 |" Świeca zapłonowa, szt"""|https://www.czesciauto24.pl/febi-bilstein/1873961|7,85
126|15797540|P 06 041|Brembo|"""Brembo "| P 06 041 |" Klocki hamulcowe, zestaw, szt"""|https://www.czesciauto24.pl/brembo/1660848|204,23
205|18301731|28282|Febi|"""Febi "| 28282 |" Tuleja stabilizatora  przedniego, szt"""|https://www.czesciauto24.pl/febi-bilstein/1884725|17,31
166|6230503|14.950.681|CS Germany|"""CS Germany "| 14.950.681 |" Sprężyna zawieszenia przód, szt"""|https://www.czesciauto24.pl/cs-germany/8982022|124,60
206|54598531|2886|Febi|"""Febi "| 02886 |" Część samochodowa, szt"""|no such item|0
127|15973371|P 68 047|Brembo|"""Brembo "| P 68 047 |" Klocki hamulcowe, zestaw, szt"""|https://www.czesciauto24.pl/brembo/1661702|116,67
128|41353315|15667C|Castrol|"""Castrol "| 15667C |" Olej silnikowy Castrol EDGE LL Titanium FST 5W-30, 1 l, szt"""|product is out of stock|0
167|6739943|14.504.062|CS Germany|"""CS Germany "| 14.504.062 |" Sprężyna zawieszenia przód, szt"""|product is out of stock|0
207|9407610|46421522|Fiat/Alfa/Lancia|"""Fiat/Alfa/Lancia "| 46421522 |" Holder, rozrusznik, szt"""|no such item|0
129|19522857|CB852|Centra|"""Centra "| CB852 |" Akumulator Centra Plus 12V 85AH 760A(EN) R+, szt"""|https://www.czesciauto24.pl/centra/7672488|549,02
168|6741264|14.774.272|CS Germany|"""CS Germany "| 14.774.272 |" Sprężyna zawieszenia tylna, szt"""|https://www.czesciauto24.pl/cs-germany/8979777|84,86
169|6741279|14.774.275|CS Germany|"""CS Germany "| 14.774.275 |" Sprężyna zawieszenia tylna, szt"""|product is out of stock|0
170|63250259|300|CX80|"""CX80 "| 300 |" RC43 KLEJ ANAEROBOWY 10ML BLISTER Klej średniowytrzymałe zabezpieczenie do gwintów, szt"""|product is out of stock|0
208|10783280|OP526/6|Filtron|"""Filtron "| OP526/6 |" Filtr oleju, szt"""|https://www.czesciauto24.pl/filtron/13884352|36,83
130|19522886|CB954|Centra|"""Centra "| CB954 |" Akumulator Centra Plus 12V 95AH 720A(EN) R+, szt"""|https://www.czesciauto24.pl/centra/7807395|547,09
209|10783417|OP537/1|Filtron|"""Filtron "| OP537/1 |" Filtr oleju, szt"""|https://www.czesciauto24.pl/filtron/13884363|24,69
171|23525412|A210664|Denckermann|"""Denckermann "| A210664 |" Filtr oleju, szt"""|product is out of stock|0
131|22200916|CHA019|Comline|"""Comline "| CHA019 |" Piasta koła z tylnym łożyskiem, szt"""|no such item|0
172|23595944|M110442|Denckermann|"""Denckermann "| M110442 |" Filtr kabinowy z węglem aktywowanym, szt"""|https://www.czesciauto24.pl/denckermann/11648685|45,53
173|23624577|M110675K|Denckermann|"""Denckermann "| M110675K |" Filtr kabinowy z węglem aktywnym, szt"""|product is out of stock|0
174|28731539|D120452|Denckermann|"""Denckermann "| D120452 |" Dźwignia tylna górna poprzeczna, szt"""|https://www.czesciauto24.pl/denckermann/10976250|111,42
175|15874811|DF-017|Denso|"""Denso "| DF-017 |" Bezramowy zestaw wycieraczek Denso Flat 600/400, szt"""|https://www.czesciauto24.pl/denso/1665076|101,97
176|25776295|4701|Denso|"""Denso "| 4701 |" Świeca zapłonowa Denso Iridium TT IK16TT, szt"""|no such item|0
177|25776309|4702|Denso|"""Denso "| 4702 |" Świeca zapłonowa Denso Iridium TT IK20TT, szt"""|no such item|0
178|33488433|4602|Denso|"""Denso "| 4602 |" Świeca zapłonowa Denso Nickel TT W20TT, szt"""|no such item|0
179|3938028|5384|Denso|"""Denso "| 5384 |" Świeca zapłonowa Denso Iridium Power IUF24, szt"""|no such item|0
210|10783500|OP543|Filtron|"""Filtron "| OP543 |" Filtr oleju, szt"""|https://www.czesciauto24.pl/filtron/13884372|28,97
211|10783693|OP 556|Filtron|"""Filtron "| OP 556 |" Filtr oleju, szt"""|https://www.czesciauto24.pl/filtron/13884391|25,24
132|12283138|3PK715|Contitech|"""Contitech "| 3PK715 |" Pasek klinowy wielorowkowy 3PK715, szt"""|https://www.czesciauto24.pl/contitech/211329|27,72
133|12343455|6PK1400|Contitech|"""Contitech "| 6PK1400 |" Pasek klinowy wielorowkowy 6PK1400, szt"""|https://www.czesciauto24.pl/contitech/210315|54,50
134|12343559|6PK1468|Contitech|"""Contitech "| 6PK1468 |" Pasek klinowy wielorowkowy 6PK1468, szt"""|https://www.czesciauto24.pl/contitech/210325|53,32
180|5742460|DCF461P|Denso|"""Denso "| DCF461P |" Filtr kabinowy, szt"""|https://www.czesciauto24.pl/denso/11004631|17,37
135|12343632|6PK1520|Contitech|"""Contitech "| 6PK1520 |" Pasek klinowy wielorowkowy 6PK1520, szt"""|https://www.czesciauto24.pl/contitech/210332|60,71
136|12343654|6PK1538|Contitech|"""Contitech "| 6PK1538 |" Pasek klinowy wielorowkowy 6PK1538, szt"""|https://www.czesciauto24.pl/contitech/210334|57,67
181|61614232|3482|Denso|"""Denso "| 3482 |" Świeca zapłonowa Denso Standard K16HR-U11, szt"""|no such item|0
212|10783706|OP557|Filtron|"""Filtron "| OP557 |" Filtr oleju, szt"""|product is out of stock|0
182|61614249|4605|Denso|"""Denso "| 4605 |" Świeca zapłonowa Denso Nickel TT KH16TT, szt"""|no such item|0
213|10783883|OP 570|Filtron|"""Filtron "| OP 570 |" Filtr oleju, szt"""|https://www.czesciauto24.pl/filtron/13884414|12,06
137|12343689|6PK1560|Contitech|"""Contitech "| 6PK1560 |" Pasek klinowy wielorowkowy 6PK1560, szt"""|https://www.czesciauto24.pl/contitech/210337|59,33
138|12343697|6PK1564|Contitech|"""Contitech "| 6PK1564 |" Pasek klinowy wielorowkowy 6PK1564, szt"""|https://www.czesciauto24.pl/contitech/210338|58,36
214|10784381|OP592/9|Filtron|"""Filtron "| OP592/9 |" Filtr oleju, szt"""|https://www.czesciauto24.pl/filtron/13884465|45,53
183|1857101|223-1130L-LD-EM|Depo|"""Depo "| 223-1130L-LD-EM |" Reflektor główny lewy, szt"""|product is out of stock|0
139|12343739|6PK1600|Contitech|"""Contitech "| 6PK1600 |" Pasek klinowy wielorowkowy 6PK1600, szt"""|https://www.czesciauto24.pl/contitech/210342|64,71
184|4625177|223-1130R-LD-EM|Depo|"""Depo "| 223-1130R-LD-EM |" Reflektor główny prawy, szt"""|no such item|0
185|6682785|440-1939L-UE|Depo|"""Depo "| 440-1939L-UE |" Lampa tylna lewa, szt"""|no such item|0
215|10784430|OP594/1|Filtron|"""Filtron "| OP594/1 |" Filtr oleju, szt"""|https://www.czesciauto24.pl/filtron/13884468|48,56
216|10784780|OP630|Filtron|"""Filtron "| OP630 |" Filtr oleju, szt"""|https://www.czesciauto24.pl/filtron/13884511|22,76
186|22441618|217555|Elf|"""Elf "| 217555 |" Olej silnikowy Elf Evolution 900 SXR 5W-40, 1 l (194849), szt"""|product is out of stock|0
187|22441708|213894|Elf|"""Elf "| 213894 |" Olej silnikowy Elf Evolution 900 SXR 5W-30, 5 l (194839), szt"""|product is out of stock|0
217|10785057|OP 642/2|Filtron|"""Filtron "| OP 642/2 |" Filtr oleju, szt"""|https://www.czesciauto24.pl/filtron/13884535|20,20
218|10785104|OP 643/3|Filtron|"""Filtron "| OP 643/3 |" Filtr oleju, szt"""|https://www.czesciauto24.pl/filtron/13884540|14,82
140|12344223|6PK1885|Contitech|"""Contitech "| 6PK1885 |" Pasek klinowy wielorowkowy 6PK1885, szt"""|https://www.czesciauto24.pl/contitech/210457|62,02
188|12597625|364.500|Elring|"""Elring "| 364.500 |" Dławnice zaworów, komplet, szt"""|https://www.czesciauto24.pl/elring/205585|99,35
219|10785117|OP 643/4|Filtron|"""Filtron "| OP 643/4 |" Filtr oleju, szt"""|https://www.czesciauto24.pl/filtron/13884541|18,34
141|12380002|5PK940|Contitech|"""Contitech "| 5PK940 |" Pasek klinowy wielorowkowy 5PK940, szt"""|product is out of stock|0
220|10785791|PE982|Filtron|"""Filtron "| PE982 |" Filtr paliwa, szt"""|https://www.czesciauto24.pl/filtron/13884621|39,66
142|12380415|6PK1060|Contitech|"""Contitech "| 6PK1060 |" Pasek klinowy wielorowkowy 6PK1060, szt"""|https://www.czesciauto24.pl/contitech/210260|49,67
189|23544936|EB456|Exide|"""Exide "| EB456 |" Akumulator Exide Excell 12V 45AH 330A(EN) R+, szt"""|no such item|0
143|12380442|6PK1080|Contitech|"""Contitech "| 6PK1080 |" Pasek klinowy wielorowkowy 6PK1080, szt"""|https://www.czesciauto24.pl/contitech/210263|49,32
221|10829547|PM815/4|Filtron|"""Filtron "| PM815/4 |" Filtr paliwa, szt"""|https://www.czesciauto24.pl/filtron/13884661|39,04
144|12380834|AVX10X666|Contitech|"""Contitech "| AVX10X666 |" Pasek klinowy 10X666, szt"""|https://www.czesciauto24.pl/contitech/211227|17,79
222|10829573|PM816/1|Filtron|"""Filtron "| PM816/1 |" Filtr paliwa, szt"""|https://www.czesciauto24.pl/filtron/13884663|28,48
190|54546530|9880801-10|Fa1|"""Fa1 "| 9880801-10 |" Nakrętka mocująca przednią rurę tłumika, szt"""|no such item|0
191|41492309|FT18044|Fast|"""Fast "| FT18044 |" Odbój amortyzatora zawieszenia, szt"""|https://www.czesciauto24.pl/fast/11247567|16,06
145|12398875|6PK2155|Contitech|"""Contitech "| 6PK2155 |" Pasek klinowy wielorowkowy 6PK2155, szt"""|https://www.czesciauto24.pl/contitech/210497|80,79
223|10829664|PM936|Filtron|"""Filtron "| PM936 |" Filtr paliwa, szt"""|https://www.czesciauto24.pl/filtron/13884676|31,80
224|10830253|PP838/4|Filtron|"""Filtron "| PP838/4 |" Filtr paliwa, szt"""|https://www.czesciauto24.pl/filtron/13884738|64,43
192|14107366|HSB-REF|Febest|"""Febest "| HSB-REF |" Tuleja stabilizatora  przedniego, szt"""|https://www.czesciauto24.pl/febest/11431820|12,34
146|12399096|6PK2264|Contitech|"""Contitech "| 6PK2264 |" Pasek klinowy wielorowkowy 6PK2264, szt"""|https://www.czesciauto24.pl/contitech/210516|85,68
147|12399115|6PK2271|Contitech|"""Contitech "| 6PK2271 |" Pasek klinowy wielorowkowy 6PK2271, szt"""|https://www.czesciauto24.pl/contitech/210518|64,36
193|14482794|0211-WD21|Febest|"""Febest "| 0211-WD21 |" Przegub  homokinetyczny, szt"""|https://www.czesciauto24.pl/febest/8578017|344,92
148|12460218|5PK1110|Contitech|"""Contitech "| 5PK1110 |" Pasek klinowy wielorowkowy 5PK1110, szt"""|https://www.czesciauto24.pl/contitech/208906|47,18
194|46959269|ND-J10|Febest|"""Febest "| ND-J10 |" Tłumik drgań gumowy, szt"""|https://www.czesciauto24.pl/febest/11775749|8,61
225|10830302|PP839/1|Filtron|"""Filtron "| PP839/1 |" Filtr paliwa, szt"""|https://www.czesciauto24.pl/filtron/13884743|48,63
149|12460375|5PK1219|Contitech|"""Contitech "| 5PK1219 |" Pasek klinowy wielorowkowy 5PK1219, szt"""|https://www.czesciauto24.pl/contitech/208921|47,60
150|16401395|4PK1237|Contitech|"""Contitech "| 4PK1237 |" Pasek klinowy wielorowkowy 4PK1237, szt"""|https://www.czesciauto24.pl/contitech/208636|42,01
151|17469478|4PK845|Contitech|"""Contitech "| 4PK845 |" Pasek klinowy wielorowkowy 4PK845, szt"""|https://www.czesciauto24.pl/contitech/208852|36,07
226|10830657|PP848/2|Filtron|"""Filtron "| PP848/2 |" Фильтр топливный, szt"""|https://www.czesciauto24.pl/filtron/13884775|81,20
227|10881721|PS 822/2|Filtron|"""Filtron "| PS 822/2 |" Filtr paliwa, szt"""|https://www.czesciauto24.pl/filtron/13885020|6,96
152|17469664|4PK917 ELAST|Contitech|"""Contitech "| 4PK917 ELAST |" Pasek klinowy wielorowkowy 4PK917, szt"""|https://www.czesciauto24.pl/contitech/208874|46,98
195|57751904|TT-TRAFII|Febest|"""Febest "| TT-TRAFII |" Uszczelka chłodnicy oleju, szt"""|no such item|0
153|19507254|6779009000|Contitech|"""Contitech "| 6779009000 |" Linijka do pomiaru długości pasa, szt"""|product is out of stock|0
228|11702733|AP 022/2|Filtron|"""Filtron "| AP 022/2 |" Filtr powietrza, szt"""|https://www.czesciauto24.pl/filtron/13882727|35,94
229|11703725|AP058/3|Filtron|"""Filtron "| AP058/3 |" Filtr powietrza, szt"""|https://www.czesciauto24.pl/filtron/13882828|44,15
196|6868020|0529-001|Febest|"""Febest "| 0529-001 |" Śruba mimośrodowa, szt"""|product is out of stock|0
154|6816881|6PK780|Contitech|"""Contitech "| 6PK780 |" Pasek klinowy wielorowkowy 6PK780, szt"""|https://www.czesciauto24.pl/contitech/210641|42,70
155|6900225|CT1035|Contitech|"""Contitech "| CT1035 |" Pasek rozrządu, szt"""|product is out of stock|0
156|6900540|CT1044|Contitech|"""Contitech "| CT1044 |" Pasek rozrządu, szt"""|https://www.czesciauto24.pl/contitech/1210341|118,11
157|6974257|CT1099|Contitech|"""Contitech "| CT1099 |" Pasek rozrządu, szt"""|https://www.czesciauto24.pl/contitech/1210462|110,25
158|6974681|CT1115|Contitech|"""Contitech "| CT1115 |" Pasek rozrządu, szt"""|https://www.czesciauto24.pl/contitech/1210493|69,06
230|11703781|AP 058/8|Filtron|"""Filtron "| AP 058/8 |" Filtr powietrza, szt"""|https://www.czesciauto24.pl/filtron/13882833|40,90
231|11703817|AP060|Filtron|"""Filtron "| AP060 |" Filtr powietrza, szt"""|https://www.czesciauto24.pl/filtron/13882836|30,76
232|11704080|AP074/3|Filtron|"""Filtron "| AP074/3 |" Filtr powietrza, szt"""|https://www.czesciauto24.pl/filtron/13882867|32,07
197|16528238|1089|Febi|"""Febi "| 01089 |" Koncentrat środka G11 ANTIFREEZE, niebieski, 1,5 l, szt"""|no such item|0
159|7054759|CT846|Contitech|"""Contitech "| CT846 |" Pasek rozrządu, szt"""|https://www.czesciauto24.pl/contitech/1211039|51,81
160|771649|5PK1355|Contitech|"""Contitech "| 5PK1355 |" Pasek klinowy wielorowkowy 5PK1355, szt"""|https://www.czesciauto24.pl/contitech/208940|47,80
233|11705423|AP107/7|Filtron|"""Filtron "| AP107/7 |" Filtr powietrza, szt"""|https://www.czesciauto24.pl/filtron/13882996|44,15
241|11747357|AP 160/1|Filtron|"""Filtron "| AP 160/1 |" Filtr powietrza, szt"""|https://www.czesciauto24.pl/filtron/13883231|36,97
234|11746169|AP133/2|Filtron|"""Filtron "| AP133/2 |" Filtr powietrza, szt"""|https://www.czesciauto24.pl/filtron/13883106|20,27
242|11747460|AP165/5|Filtron|"""Filtron "| AP165/5 |" Filtr powietrza, szt"""|https://www.czesciauto24.pl/filtron/13883241|51,12
243|11747905|AP177/7|Filtron|"""Filtron "| AP177/7 |" Filtr powietrza, szt"""|https://www.czesciauto24.pl/filtron/13883286|37,87
235|11746213|AP134/2|Filtron|"""Filtron "| AP134/2 |" Filtr powietrza, szt"""|https://www.czesciauto24.pl/filtron/13883113|28,83
198|16585937|22050|Febi|"""Febi "| 22050 |" Bolt, szt"""|no such item|0
236|11746272|AP 134/8|Filtron|"""Filtron "| AP 134/8 |" Filtr powietrza, szt"""|product is out of stock|0
281|41252172|TH51883G1|Gates|"""Gates "| TH51883G1 |" Termostat, szt"""|https://www.czesciauto24.pl/gates/12219384|43,18
199|16704120|22806|Febi|"""Febi "| 22806 |" Olej przekładniowy Febi ATF III, 1 l, szt"""|https://www.czesciauto24.pl/febi-bilstein/1880433|42,63
237|11746309|AP135/2|Filtron|"""Filtron "| AP135/2 |" Filtr powietrza, szt"""|https://www.czesciauto24.pl/filtron/13883123|44,35
238|11746501|AP 139/2|Filtron|"""Filtron "| AP 139/2 |" Filtr powietrza, szt"""|https://www.czesciauto24.pl/filtron/13883145|33,87
200|16767124|23155|Febi|"""Febi "| 23155 |" Filtr paliwa, szt"""|no such item|0
361|11748407|64210CBI-01B|Osram|"""Osram "| 64210CBI-01B |" Żarówka halogenowa Osram Cool Blue Intense H7 12V 55W, szt"""|https://www.czesciauto24.pl/osram/1667457|29,38
282|28747678|9336014K|GSP|"""GSP "| 9336014K |" Łożysko piasty koła,  komplet, szt"""|product is out of stock|0
362|11775266|7506ULT|Osram|"""Osram "| 7506ULT |" Żarowe P21W 12V 21W, szt"""|https://www.czesciauto24.pl/osram/1667535|5,23
283|865496|1N0 009 295-077|Hella|"""Hella "| 1N0 009 295-077 |" Reflektor przeciwmgielny lewy, szt"""|https://www.czesciauto24.pl/hella/7153503|219,75
284|875043|8GA 007 997-121|Hella|"""Hella "| 8GA 007 997-121 |" Żarowe BAX 12V 1,2W, szt"""|https://www.czesciauto24.pl/hella/944657|7,37
321|14290212|OC 262|Mahle/Knecht|"""Mahle/Knecht "| OC 262 |" Filtr oleju, szt"""|product is out of stock|0
363|11775730|921|Osram|"""Osram "| 921 |" Żarówka W16W 12V 16W, szt"""|https://www.czesciauto24.pl/osram/1667575|4,47
322|14306323|OX 153D1|Mahle/Knecht|"""Mahle/Knecht "| OX 153D1 |" Filtr oleju, szt"""|no such item|0
364|41516006|64193XR-01B|Osram|"""Osram "| 64193XR-01B |" Żarówka halogenowa Osram X-Racer Moto H4 12V 60/55W, szt"""|https://www.czesciauto24.pl/osram/10072351|51,39
323|14306335|OX 153D2|Mahle/Knecht|"""Mahle/Knecht "| OX 153D2 |" Filtr oleju, szt"""|no such item|0
365|53838298|7705CW-02B|Osram|"""Osram "| 7705CW-02B |" Żarówka LED, szt"""|https://www.czesciauto24.pl/osram/10202539|121,08
366|57675964|WU525|Oximo|"""Oximo "| WU525 |" Pióro wycieraczki, szt"""|product is out of stock|0
367|12634344|12342CTVBW|Philips|"""Philips "| 12342CTVBW |" Żarówka halogenowa Philips CityVision Moto +40% H4 12V 60/55W, szt"""|product is out of stock|0
324|14306389|OX 156D|Mahle/Knecht|"""Mahle/Knecht "| OX 156D |" Filtr oleju, szt"""|no such item|0
285|875060|8GA 007 997-141|Hella|"""Hella "| 8GA 007 997-141 |" Żarowe BAX 12V 1,5W, szt"""|product is out of stock|0
325|14306695|OX 183/5D1|Mahle/Knecht|"""Mahle/Knecht "| OX 183/5D1 |" Filtr oleju, szt"""|product is out of stock|0
286|946966|8GA 007 997-171|Hella|"""Hella "| 8GA 007 997-171 |" Żarowe BAX 12V 1,1W, szt"""|product is out of stock|0
287|22414276|08267-999-02HE|Honda|"""Honda "| 08267-999-02HE |" Olej przekładniowy Honda ULTRA MTF-III, 1 l, szt"""|product is out of stock|0
288|23063467|26300-35504|Hyundai/Kia|"""Hyundai/Kia "| 26300-35504 |" Filtr oleju (zamiennik dla 26300-35505), szt"""|product is out of stock|0
326|14307220|OX 360D|Mahle/Knecht|"""Mahle/Knecht "| OX 360D |" Filtr oleju, szt"""|no such item|0
327|14307466|OX 386D|Mahle/Knecht|"""Mahle/Knecht "| OX 386D |" Filtr oleju, szt"""|no such item|0
289|60634773|1448|Impergom|"""Impergom "| 1448 |" Zawieszenie, szt"""|product is out of stock|0
328|14480637|LX 1573|Mahle/Knecht|"""Mahle/Knecht "| LX 1573 |" Filtr powietrza, szt"""|no such item|0
368|12634462|12342VPS2|Philips|"""Philips "| 12342VPS2 |" Żarówka halogenowa Philips VisionPlus +60% H4 12V 60/55W (2 szt.), szt"""|product is out of stock|0
290|60634774|1447|Impergom|"""Impergom "| 1447 |" Zawieszenie, szt"""|no such item|0
291|10182016|1113800100|Jp Group|"""Jp Group "| 1113800100 |" Korek miski olejowej, szt"""|https://www.czesciauto24.pl/jp-group/8171710|9,23
329|10410152|CUK 2532|MANN-FILTER|"""MANN-FILTER "| CUK 2532 |" Filtr kabinowy z węglem aktywowanym, szt"""|no such item|0
369|12634526|12498CP|Philips|"""Philips "| 12498CP |" Żarówka P21W 12V 21W, szt"""|https://www.czesciauto24.pl/philips/8925771|3,78
330|23157047|HU 7004/1 X|MANN-FILTER|"""MANN-FILTER "| HU 7004/1 X |" Filtr oleju, szt"""|no such item|0
292|27819771|1193102300|Jp Group|"""Jp Group "| 1193102300 |" Czujnik temperatury płynu chłodniczego, szt"""|https://www.czesciauto24.pl/jp-group/8177606|23,10
370|12636327|9005PRC1|Philips|"""Philips "| 9005PRC1 |" Żarówka halogenowa Philips Vision +30% HB3 12V 60W, szt"""|https://www.czesciauto24.pl/philips/10464538|33,73
293|57877470|W121|K2|"""K2 "| W121 |" Smar uniwersalny Abro AB-80 spray, 400 ml, szt"""|https://www.czesciauto24.pl/k2/13548219|20,48
331|23157092|HU 7010 Z|MANN-FILTER|"""MANN-FILTER "| HU 7010 Z |" Filtr oleju, szt"""|product is out of stock|0
401|1476685|99.99.935|Starline|"""Starline "| 99.99.935 |" Żarowe R5W, szt"""|product is out of stock|0
371|19534412|12258NGDLB1|Philips|"""Philips "| 12258NGDLB1 |" Żarówka halogenowa Philips NightGuide DoubleLife H1 12V 55W, szt"""|product is out of stock|0
372|21987610|12362WHVB1|Philips|"""Philips "| 12362WHVB1 |" Żarówka halogenowa Philips WhiteVision H11 12V 55W, szt"""|https://www.czesciauto24.pl/philips/7898713|104,80
402|1476711|99.99.938|Starline|"""Starline "| 99.99.938 |" Żarowe T4W, szt"""|product is out of stock|0
373|21987662|12342PRC2|Philips|"""Philips "| 12342PRC2 |" Żarówka halogenowa Philips Vision +30% H4 12V 60/55W (2 szt.), szt"""|https://www.czesciauto24.pl/philips/8923002|24,83
403|15712480|99.99.997|Starline|"""Starline "| 99.99.997 |" Żarowe W5W 12V 5W, szt"""|no such item|0
332|23168504|CU 29 003-2|MANN-FILTER|"""MANN-FILTER "| CU 29 003-2 |" Filtr kabinowy, szt"""|no such item|0
374|27919228|12342ELC2|Philips|"""Philips "| 12342ELC2 |" Żarówka halogenowa Philips LongerLife H4 12V 60/55W, szt"""|product is out of stock|0
404|15713864|BD S002S|Starline|"""Starline "| BD S002S |" Klocki hamulcowe, zestaw, szt"""|product is out of stock|0
375|64886348|12972RGTS2|Philips|"""Philips "| 12972RGTS2 |" Żarówka halogenowa Philips RacingVision GT200 + 200% H7 12V 55W (2 szt.), szt"""|https://www.czesciauto24.pl/philips/16425773|135,78
333|23185683|HU 726/2 X|MANN-FILTER|"""MANN-FILTER "| HU 726/2 X |" Filtr oleju, szt"""|no such item|0
376|764217|12961B2|Philips|"""Philips "| 12961B2 |" Żarówka W5W 12V 5W, szt"""|https://www.czesciauto24.pl/philips/1684599|8,06
405|56849560|NA SW80-3|Starline|"""Starline "| NA SW80-3 |" Płyn do spryskiwaczy WINTER SCREEN WASH, Zimowa -80°C, 3 l, szt"""|product is out of stock|0
377|764273|12961NBVB2|Philips|"""Philips "| 12961NBVB2 |" Żarówka W5W 12V 5W, szt"""|https://www.czesciauto24.pl/philips/7623051|15,99
334|23185953|HU 831 X|MANN-FILTER|"""MANN-FILTER "| HU 831 X |" Filtr oleju, szt"""|no such item|0
406|1002008|30 92 6422|SWAG|"""SWAG "| 30 92 6422 |" Śruba  głowicy bloku cylindrów, szt"""|product is out of stock|0
378|764387|12972PRC1|Philips|"""Philips "| 12972PRC1 |" Żarówka halogenowa Philips Vision +30% H7 12V 55W, szt"""|https://www.czesciauto24.pl/philips/8935889|26,76
335|23237640|CUK 3023-2|MANN-FILTER|"""MANN-FILTER "| CUK 3023-2 |" Filtr kabinowy z węglem aktywowanym, szt"""|no such item|0
407|22374482|40 94 0910|SWAG|"""SWAG "| 40 94 0910 |" PrzekaYnik wielofunkcyjny, szt"""|no such item|0
336|23291615|PU 723 X|MANN-FILTER|"""MANN-FILTER "| PU 723 X |" Filtr paliwa, szt"""|no such item|0
337|23291730|PU 825 X|MANN-FILTER|"""MANN-FILTER "| PU 825 X |" Filtr paliwa, szt"""|no such item|0
338|23293832|W 68/3|MANN-FILTER|"""MANN-FILTER "| W 68/3 |" Filtr oleju, szt"""|product is out of stock|0
339|23321454|C 17 006|MANN-FILTER|"""MANN-FILTER "| C 17 006 |" Filtr powietrza, szt"""|no such item|0
408|22944073|60 92 2265|SWAG|"""SWAG "| 60 92 2265 |" Przegub kulowy przedni dolny wahacz, szt"""|https://www.czesciauto24.pl/swag/2139084|53,81
409|24767839|10 79 0090|SWAG|"""SWAG "| 10 79 0090 |" Tuleja stabilizatora  przedniego, szt"""|https://www.czesciauto24.pl/swag/2127198|13,03
379|12289705|2501-3525|Profit|"""Profit "| 2501-3525 |" Łożysko tylnej piasty koła,  komplet, szt"""|product is out of stock|0
340|23376883|C 26 110/1|MANN-FILTER|"""MANN-FILTER "| C 26 110/1 |" Filtr powietrza, szt"""|no such item|0
380|7776019|LS892|Purflux|"""Purflux "| LS892 |" Filtr oleju, szt"""|product is out of stock|0
341|18968578|13-0460-7133-2N-SET-MS|Master-sport|"""Master-sport "| 13-0460-7133-2N-SET-MS |" Klocki hamulcowe, zestaw, szt"""|product is out of stock|0
410|25124537|85 93 2456|SWAG|"""SWAG "| 85 93 2456 |" Pierścień uszczelniający korka spustu oleju, szt"""|https://www.czesciauto24.pl/swag/7356322|3,30
411|7870536|2399401|Textar|"""Textar "| 2399401 |" Klocki hamulcowe tarczowe, komplet, szt"""|https://www.czesciauto24.pl/textar/7639431|135,85
381|19034340|4014835733916|Ravenol|"""Ravenol "| 4014835733916 |" Olej przekładniowy Ravenol VSG SAE 75W-90, 1 l (1221101-001-01-998,1221101, szt"""|product is out of stock|0
342|19052899|21678-PCS-MS|Master-sport|"""Master-sport "| 21678-PCS-MS |" Łącznik stabilizatora, szt"""|product is out of stock|0
412|14737376|202 317|Topran|"""Topran "| 202 317 |" Termostat, szt"""|https://www.czesciauto24.pl/topran/2726961|24,14
343|28346484|304983-SET-MS|Master-sport|"""Master-sport "| 304983-SET-MS |" Przegub  homokinetyczny, szt"""|https://www.czesciauto24.pl/master-sport/9500047|95,34
344|3726574|A 675 320 09 37|Mercedes|"""Mercedes "| A 675 320 09 37 |" ZACZEP STABILIZATORA, szt"""|product is out of stock|0
413|24039069|BK1956|TRW|"""TRW "| BK1956 |" Szczęki hamulcowe, zestaw, szt"""|https://www.czesciauto24.pl/trw/2186711|271,29
345|48896318|5220K208|Mitsubishi|"""Mitsubishi "| 5220K208 |" MOULDING,FR WHEEL ARCH,, szt"""|product is out of stock|0
414|24220966|GDB1464|TRW|"""TRW "| GDB1464 |" Klocki hamulcowe tarczowe, komplet, szt"""|https://www.czesciauto24.pl/trw/2192084|90,93
382|23185556|6688.00|Remsa|"""Remsa "| 6688.00 |" Tarcza  hamulcowa, szt"""|product is out of stock|0
383|10226489|77 03 075 347|Renault|"""Renault "| 77 03 075 347 |" Korek miski olejowej, szt"""|product is out of stock|0
384|11319725|82 00 768 927|Renault|"""Renault "| 82 00 768 927 |" Filtr oleju, szt"""|no such item|0
346|22089405|102786|Motul|"""Motul "| 102786 |" Olej silnikowy Motul 8100 X-Clean 5W-40, 1 l (102050,854111), szt"""|https://www.czesciauto24.pl/motul/8786349|48,77
385|16398436|77 01 064 235|Renault|"""Renault "| 77 01 064 235 |" Filtr kabinowy, szt"""|no such item|0
386|18329252|77 03 620 057|Renault|"""Renault "| 77 03 620 057 |" Śruba, szt"""|product is out of stock|0
347|22118872|104559|Motul|"""Motul "| 104559 |" Olej silnikowy Motul Specific 913D 5W-30, 1 l (856311,104559), szt"""|product is out of stock|0
348|27408630|106377|Motul|"""Motul "| 106377 |" Olej silnikowy Motul 8100 X-CLEAN  5W-30, 5 l, szt"""|https://www.czesciauto24.pl/motul/8813366|204,71
415|24221176|GDB1479|TRW|"""TRW "| GDB1479 |" Klocki hamulcowe tarczowe, komplet, szt"""|product is out of stock|0
416|24222128|GDB1555|TRW|"""TRW "| GDB1555 |" Klocki hamulcowe tarczowe, komplet, szt"""|https://www.czesciauto24.pl/trw/2192180|136,54
417|24222149|GDB1557|TRW|"""TRW "| GDB1557 |" Klocki hamulcowe tarczowe, komplet, szt"""|https://www.czesciauto24.pl/trw/2192182|133,16
349|19607336|170483000|Narva|"""Narva "| 170483000 |" Żarowe BAX 12V 1,5W, szt"""|no such item|4,82
418|24222455|GDB1583|TRW|"""TRW "| GDB1583 |" Klocki hamulcowe tarczowe, komplet, szt"""|https://www.czesciauto24.pl/trw/2192209|119,77
350|9650326|173143000|Narva|"""Narva "| 173143000 |" Żarówka C10W 12V 10W, szt"""|no such item|2,06
351|9650493|176383000|Narva|"""Narva "| 176383000 |" Żarówka żółty PY21W 12V 21W, szt"""|no such item|4,33
419|24222935|GDB1622|TRW|"""TRW "| GDB1622 |" Klocki hamulcowe tarczowe, komplet, szt"""|https://www.czesciauto24.pl/trw/2192248|114,46
387|23524575|77 01 063 733|Renault|"""Renault "| 77 01 063 733 |" Pióro wycieraczki, szt"""|no such item|0
352|9677919|17916|Narva|"""Narva "| 17916 |" Żarowe P21/5W 12V 21/5W, szt"""|https://www.czesciauto24.pl/narva/3310904|2,88
420|24250128|GDB823|TRW|"""TRW "| GDB823 |" Klocki hamulcowe, zestaw, szt"""|product is out of stock|0
388|6936079|16 54 670 78R|Renault|"""Renault "| 16 54 670 78R |" Filtr powietrza, szt"""|no such item|0
389|21755534|C60303|Romix|"""Romix "| C60303 |" Tulei gniazda (pokrywa) o wymiarach: 16 B 20 C 14 C 4,8 g 7,3 h 9, szt"""|product is out of stock|0
390|21796358|C60424|Romix|"""Romix "| C60424 |" Podkładka mocowania pasów bezpieczeństwa, szt"""|product is out of stock|0
353|13041624|N264|Neolux|"""Neolux "| N264 |" Żarowe C10W 12V 10W, szt"""|product is out of stock|0
391|21811756|10460|Romix|"""Romix "| 10460 |" ext klip. tapicerka, szt"""|no such item|0
421|24264457|GDB1681|TRW|"""TRW "| GDB1681 |" Klocki hamulcowe tarczowe, komplet, szt"""|https://www.czesciauto24.pl/trw/2192311|198,02
392|21812063|B22090|Romix|"""Romix "| B22090 |" Klipy, szt"""|product is out of stock|0
354|13041703|N434|Neolux|"""Neolux "| N434 |" Żarówka H6W 12V 6W, szt"""|https://www.czesciauto24.pl/neolux/11766338|8,61
422|24264473|GDB1682|TRW|"""TRW "| GDB1682 |" Klocki hamulcowe tarczowe, komplet, szt"""|https://www.czesciauto24.pl/trw/2192312|151,37
355|1684383|N499|Neolux|"""Neolux "| N499 |" Żarówka halogenowa H7 12V 55W, szt"""|https://www.czesciauto24.pl/neolux/11767502|9,99
423|24264653|GDB1697|TRW|"""TRW "| GDB1697 |" Klocki hamulcowe tarczowe, komplet, szt"""|product is out of stock|0
393|28465300|93-90434|Rts|"""Rts "| 93-90434 |" Sworzeń wahacza, szt"""|https://www.czesciauto24.pl/rts/10509831|62,57
356|23948697|7569|NGK|"""NGK "| 7569 |" Świeca zapłonowa NGK Laser Platinum PTR6F13, szt"""|https://www.czesciauto24.pl/ngk/1042985|50,91
424|24264687|GDB1700|TRW|"""TRW "| GDB1700 |" Klocki hamulcowe tarczowe, komplet, szt"""|https://www.czesciauto24.pl/trw/2192331|125,43
357|23975512|3812|NGK|"""NGK "| 3812 |" Świeca zapłonowa NGK Standart BP6EFS, szt"""|product is out of stock|0
358|64863478|76001150|Nrf|"""Nrf "| 76001150 |" Паста для мыття рук, 250 мл, szt"""|product is out of stock|0
359|11721300|5008ULT|Osram|"""Osram "| 5008ULT |" Żarówka R10W 12V 10W, szt"""|https://www.czesciauto24.pl/osram/1667345|4,26
394|7716261|6283 000 131|SACHS|"""SACHS "| 6283 000 131 |" Cylinder sprzęgła, roboczy, szt"""|product is out of stock|0
395|13225535|1630210|Sasic|"""Sasic "| 1630210 |" Korek miski olejowej, szt"""|https://www.czesciauto24.pl/sasic/7024100|5,09
396|41510361|550040755|Shell|"""Shell "| 550040755 |" Olej silnikowy Shell Helix Ultra 5W-40, 4 l, szt"""|product is out of stock|0
397|60628912|550028131|Shell|"""Shell "| 550028131 |" Smar do łożysk kompleks litowy GADUS S3 V220C 2, 0,4 kg, szt"""|https://www.czesciauto24.pl/shell/13084124|25,86
425|24264735|GDB1703|TRW|"""TRW "| GDB1703 |" Klocki hamulcowe tarczowe, komplet, szt"""|https://www.czesciauto24.pl/trw/2192334|194,50
426|24266893|GDB1903|TRW|"""TRW "| GDB1903 |" Klocki hamulcowe, zestaw, szt"""|https://www.czesciauto24.pl/trw/2192525|132,54
360|11748329|64210|Osram|"""Osram "| 64210 |" Żarówka halogenowa Osram Original H7 12V 55W, szt"""|https://www.czesciauto24.pl/osram/1667453|13,58
441|23848892|574191|Valeo|"""Valeo "| 574191 |" Ramka wycieraczki valeo silencio performance 530 mm (21""""), szt"""|https://www.czesciauto24.pl/valeo/7128985|48,01
427|24299061|GDB2016|TRW|"""TRW "| GDB2016 |" Klocki hamulcowe tarczowe, komplet, szt"""|https://www.czesciauto24.pl/trw/7620093|83,89
428|12729050|18-5420-05-2|TYC|"""TYC "| 18-5420-05-2 |" Kierunkowskaz, szt"""|product is out of stock|0
398|10409373|VKMC 01222|SKF|"""SKF "| VKMC 01222 |" Pompa wodna + zestaw paska rozrzadu, szt"""|https://www.czesciauto24.pl/skf/1365816|492,23
399|10426640|VKMC 93006|SKF|"""SKF "| VKMC 93006 |" Pompa wodna + zestaw paska rozrzadu, szt"""|product is out of stock|0
429|858606|12-0156-01-2|TYC|"""TYC "| 12-0156-01-2 |" Światła do jazdy dziennej (DRL), szt"""|https://www.czesciauto24.pl/tyc/7521385|97,00
442|23848901|574192|Valeo|"""Valeo "| 574192 |" Ramka wycieraczki valeo silencio performance 550 mm (22""""), szt"""|https://www.czesciauto24.pl/valeo/1088049|45,32
430|26276672|N 903 682 03|VAG|"""VAG "| N 903 682 03 |" Nakrętka, szt"""|product is out of stock|0
443|23848908|574193|Valeo|"""Valeo "| 574193 |" Ramka wycieraczki valeo silencio performance spoiler 550 mm (22""""), szt"""|product is out of stock|0
431|62977019|G052502M4|VAG|"""VAG "| G052502M4 |" Olej silnikowy VAG Special G 5W-40, 5 (zastąpione przez GS55502M4), szt"""|product is out of stock|0
444|23848967|574198|Valeo|"""Valeo "| 574198 |" Ramka wycieraczki tył valeo silencio tył 230 mm (9""""), szt"""|product is out of stock|0
400|17968804|GT37307|SNR|"""SNR "| GT37307 |" Rolka paska rozrządu, szt"""|product is out of stock|0
432|9511547|03L 115 562|VAG|"""VAG "| 03L 115 562 |" Filtr oleju, szt"""|product is out of stock|0
445|23849320|574254|Valeo|"""Valeo "| 574254 |" Zestaw piór wycieraczek ramy Spoiler Valeo Silencio 580/500, szt"""|https://www.czesciauto24.pl/valeo/1088078|109,28
446|23849372|574275|Valeo|"""Valeo "| 574275 |" Zestaw piór wycieraczek ramy Spoiler Valeo Silencio 600/450, szt"""|https://www.czesciauto24.pl/valeo/1088083|75,40
447|23849403|574278|Valeo|"""Valeo "| 574278 |" Zestaw szczotek wycieraczek ramowych Valeo Silencio Performance 680/650, szt"""|product is out of stock|0
433|28674010|V10-3326|Vaico|"""Vaico "| V10-3326 |" Pierścień uszczelniający korka spustowego oleju, szt"""|https://www.czesciauto24.pl/vaico/8005678|2,33
434|58852265|V104365|Vaico|"""Vaico "| V104365 |" Filtr automatycznej skrzyni biegów, szt"""|no such item|0
435|23848180|574119|Valeo|"""Valeo "| 574119 |" Ramka wycieraczki valeo silencio standard 580 mm (23""""), szt"""|https://www.czesciauto24.pl/valeo/7148003|39,32
448|23849423|574280|Valeo|"""Valeo "| 574280 |" Ramka wycieraczki tył valeo silencio tył 180 mm (7""""), szt"""|product is out of stock|0
449|23849709|574309|Valeo|"""Valeo "| 574309 |" Zestaw bezramowych piór wycieraczek Valeo Silencio Flat 650/550, szt"""|https://www.czesciauto24.pl/valeo/1088117|94,52
436|23848302|574131|Valeo|"""Valeo "| 574131 |" Ramka wycieraczki tył valeo silencio tył 450 mm (18""""), szt"""|https://www.czesciauto24.pl/valeo/7122423|34,69
437|23848402|574142|Valeo|"""Valeo "| 574142 |" Ramka wycieraczki valeo silencio performance 600 mm (24""""), szt"""|product is out of stock|0
450|23849835|574323|Valeo|"""Valeo "| 574323 |" Zestaw bezramowych piór wycieraczek Valeo Silencio Flat 650/475, szt"""|https://www.czesciauto24.pl/valeo/1088129|91,00
451|23850249|574365|Valeo|"""Valeo "| 574365 |" Zestaw bezramowych piór wycieraczek Valeo Silencio Flat 600/450, szt"""|https://www.czesciauto24.pl/valeo/1088171|80,58
452|23861318|574645|Valeo|"""Valeo "| 574645 |" Zestaw bezramowych piór wycieraczek Valeo Silencio Flat 600/400, szt"""|https://www.czesciauto24.pl/valeo/1088243|63,47
438|23848474|574150|Valeo|"""Valeo "| 574150 |" Ramka wycieraczki valeo silencio performance 530 mm (21""""), szt"""|https://www.czesciauto24.pl/valeo/7129073|37,32
439|23848520|574154|Valeo|"""Valeo "| 574154 |" Ramka wycieraczki valeo silencio performance spoiler 510 mm (20""""), szt"""|product is out of stock|0
440|23848540|574156|Valeo|"""Valeo "| 574156 |" Ramka wycieraczki valeo silencio performance spoiler 530 mm (21""""), szt"""|https://www.czesciauto24.pl/valeo/7145086|48,08
453|23862319|575550|Valeo|"""Valeo "| 575550 |" Ramka wycieraczki valeo first 500 mm (20""""), szt"""|https://www.czesciauto24.pl/valeo/7355710|12,34
454|23862355|575555|Valeo|"""Valeo "| 575555 |" Ramka wycieraczki valeo first 550 mm (22""""), szt"""|https://www.czesciauto24.pl/valeo/7355713|21,17
455|23862858|575914|Valeo|"""Valeo "| 575914 |" Pióro wycieraczki, szt"""|https://www.czesciauto24.pl/valeo/1088302|62,98
456|23862878|575916|Valeo|"""Valeo "| 575916 |" Pióro wycieraczki, szt"""|product is out of stock|0
457|23862907|575918|Valeo|"""Valeo "| 575918 |" Pióro wycieraczki, szt"""|product is out of stock|0
458|23863129|576016|Valeo|"""Valeo "| 576016 |" Zestaw piór wycieraczek 550/510, szt"""|https://www.czesciauto24.pl/valeo/1088323|53,19
459|24037624|576099|Valeo|"""Valeo "| 576099 |" Zestaw piór wycieraczek ramowych Valeo Compact 600/475, szt"""|product is out of stock|0
460|26827052|731296|Valeo|"""Valeo "| 731296 |" Chłodnica wody, szt"""|product is out of stock|0
461|28567179|804922|Valeo|"""Valeo "| 804922 |" Cylinder sprzęgła główny, szt"""|product is out of stock|0
462|28586473|575828|Valeo|"""Valeo "| 575828 |" Hybrydowe pióro wycieraczki valeo first hybrid 480 mm (19""""), szt"""|product is out of stock|0
463|54589951|578565|Valeo|"""Valeo "| 578565 |" Pióro wycieraczki bezramowe z tyłu valeo hydroconnect z tyłu 400 mm (16""""), szt"""|product is out of stock|0
464|54589952|578515|Valeo|"""Valeo "| 578515 |" Bezramowe pióro wycieraczki valeo hydroconnect front 700 mm (28""""), szt"""|https://www.czesciauto24.pl/valeo/9954855|57,95
465|54589966|578516|Valeo|"""Valeo "| 578516 |" Bezramowe pióro wycieraczki valeo hydroconnect front 700 mm (28""""), szt"""|https://www.czesciauto24.pl/valeo/9954856|54,35
466|54589989|578509|Valeo|"""Valeo "| 578509 |" Bezramowe pióro wycieraczki valeo hydroconnect front 550 mm (22""""), szt"""|https://www.czesciauto24.pl/valeo/9954847|40,81
467|54589990|578510|Valeo|"""Valeo "| 578510 |" Bezramowe pióro wycieraczki valeo hydroconnect front 580 mm (23""""), szt"""|https://www.czesciauto24.pl/valeo/9954849|45,56
468|53113725|872378|Valvoline|"""Valvoline "| 872378 |" Olej silnikowy Valvoline SynPower 5W-30, 4 l, szt"""|https://www.czesciauto24.pl/valvoline/13625542|146,58
469|23663737|5601270543132|Varta|"""Varta "| 5601270543132 |" Akumulator Varta Blue Dynamic 12V 60AH 540A(EN) L+, szt"""|https://www.czesciauto24.pl/varta/1129215|425,65
470|15143847|A2C59511698|VDO|"""VDO "| A2C59511698 |" Przepustnica, szt"""|https://www.czesciauto24.pl/vdo/1736930|731,51
471|8040429|RC0004|Vernet|"""Vernet "| RC0004 |" Pokrywa zbiorniczka wyrównawczego, szt"""|product is out of stock|0
472|11615475|WF8127|WIX|"""WIX "| WF8127 |" Filtr paliwa, szt"""|product is out of stock|0
473|11621909|WP2107|WIX|"""WIX "| WP2107 |" Filtr kabinowy z węglem aktywowanym, szt"""|no such item|0
474|28714023|33386|WIX|"""WIX "| 33386 |" Filtr paliwa, szt"""|no such item|0
475|57703303|YT-8152|Yato|"""Yato "| YT-8152 |" ELECTRICAL INSULATION TAPE, szt"""|product is out of stock|0
